{
  "mode": "max_coverage_with_donor_paths_and_ris_energy(hops<= 2)",
  "donor_ids": [
    "RF1",
    "RF2"
  ],
  "recipient_ids": [
    "RF3",
    "RF4",
    "RF5",
    "RF6"
  ],
  "ris_ids": [
    "PIS1",
    "RIS2",
    "RIS3",
    "RIS4",
    "RIS5",
    "RIS6",
    "RIS7",
    "RIS8",
    "RIS9",
    "RIS10",
    "RIS11",
    "RIS12",
    "RIS13",
    "RIS14",
    "RIS15",
    "RIS16",
    "RIS17",
    "RIS19",
    "RIS20",
    "RIS21",
    "RIS22",
    "RIS23",
    "RIS24",
    "RIS25"
  ],
  "eta_donor": [
    [
      0.421394870737647,
      0.4596380248365626,
      0.39197774658697965,
      0.33939419585388453
    ],
    [
      0.4961587109552925,
      0.44101354695732975,
      0.3805187860216065,
      0.3391710109681253
    ]
  ],
  "eta_ris": [
    [
      0.46985497462885223,
      0.549916816696107,
      0.4674974973644535,
      0.40553270696845206
    ],
    [
      0.509044518125323,
      0.5350237416754451,
      0.4575399290065778,
      0.4019187064429442
    ],
    [
      0.5548641559001056,
      0.46725897300061475,
      0.41285861268857244,
      0.37325859556266666
    ],
    [
      0.45513749152335137,
      0.5189511571836128,
      0.4422430927674655,
      0.38313874604993425
    ],
    [
      0.4483138237055475,
      0.5062372779759527,
      0.43166355827447955,
      0.37386415787153876
    ],
    [
      0.4378476687964342,
      0.4881175067327368,
      0.41644019790381465,
      0.3605770911929465
    ],
    [
      0.4747993988142746,
      0.5688731340506905,
      0.48307701565148875,
      0.41937140430184183
    ],
    [
      0.4760655758761224,
      0.5837561528781917,
      0.4954445985198104,
      0.43031606017727536
    ],
    [
      0.4720977183089437,
      0.5731675517953835,
      0.5316221701895643,
      0.4628730965291177
    ],
    [
      0.46094239420251987,
      0.5505811886340786,
      0.5537931623499383,
      0.48176947225252986
    ],
    [
      0.44841085963778493,
      0.5303273049436885,
      0.5752814073037199,
      0.49939563118619634
    ],
    [
      0.4139888997027015,
      0.4778254123147667,
      0.5635171881431079,
      0.5494831674521731
    ],
    [
      0.40361250431659695,
      0.4555555673665491,
      0.535964689435381,
      0.5792065625196089
    ],
    [
      0.5306120517163164,
      0.459141446828672,
      0.4007898729027781,
      0.35984368169252545
    ],
    [
      0.5105616800525519,
      0.4536456743881828,
      0.3923451986325303,
      0.3500382820485773
    ],
    [
      0.5674316178806753,
      0.4695721791085088,
      0.4181670419981583,
      0.37972060383861256
    ],
    [
      0.5811429795817379,
      0.47292834744214524,
      0.42482086764598576,
      0.3874399383681127
    ],
    [
      0.5578412904946013,
      0.48787242290534555,
      0.42975922096524316,
      0.38647366573419767
    ],
    [
      0.5406043121965136,
      0.5003998881825952,
      0.4355542943731695,
      0.38822838666194864
    ],
    [
      0.5248161834753905,
      0.5164174923238777,
      0.4452263184260424,
      0.39380805925687423
    ],
    [
      0.496675136565046,
      0.5477780570638472,
      0.4659021064198685,
      0.40730927716967436
    ],
    [
      0.47978546338994416,
      0.549444300540362,
      0.46589321814072,
      0.4051412273450578
    ],
    [
      0.42923916283308317,
      0.47333112218896667,
      0.40381713459622937,
      0.3496222215144195
    ],
    [
      0.46450705998145897,
      0.5333084858280639,
      0.4535970722963249,
      0.39332845086981777
    ]
  ],
  "delivered_from_donors": [
    [
      0.0,
      0.0,
      0.0,
      0.0
    ],
    [
      0.0,
      0.0,
      0.0,
      0.0
    ]
  ],
  "delivered_from_ris": [
    [
      0.0,
      0.0,
      233.74874868222682,
      0.0
    ],
    [
      0.0,
      49.796328003635466,
      0.0,
      0.0
    ],
    [
      44.56527614850126,
      0.0,
      0.0,
      0.0
    ],
    [
      0.0,
      0.0,
      0.0,
      0.0
    ],
    [
      0.0,
      0.0,
      0.0,
      0.0
    ],
    [
      0.0,
      0.0,
      0.0,
      0.0
    ],
    [
      0.0,
      284.43656702534525,
      0.0,
      0.0
    ],
    [
      0.0,
      291.87807643909565,
      0.0,
      0.0
    ],
    [
      0.0,
      0.0,
      265.8110850947821,
      0.0
    ],
    [
      0.0,
      0.0,
      276.8965811749691,
      0.0
    ],
    [
      0.0,
      0.0,
      0.0,
      249.69781559309814
    ],
    [
      0.0,
      0.0,
      0.0,
      274.74158372608656
    ],
    [
      0.0,
      0.0,
      0.0,
      289.60328125980465
    ],
    [
      0.0,
      0.0,
      0.0,
      0.0
    ],
    [
      0.0,
      0.0,
      0.0,
      0.0
    ],
    [
      283.71580894033764,
      0.0,
      0.0,
      0.0
    ],
    [
      290.57148979086895,
      0.0,
      0.0,
      0.0
    ],
    [
      278.9206452473007,
      0.0,
      0.0,
      0.0
    ],
    [
      0.0,
      0.0,
      0.0,
      0.0
    ],
    [
      2.226779872991358,
      0.0,
      123.54358504802194,
      85.9573194210107
    ],
    [
      0.0,
      273.8890285319236,
      0.0,
      0.0
    ],
    [
      0.0,
      0.0,
      0.0,
      0.0
    ],
    [
      0.0,
      0.0,
      0.0,
      0.0
    ],
    [
      0.0,
      0.0,
      0.0,
      0.0
    ]
  ],
  "tx_from_donors": [
    [
      0.0,
      0.0,
      0.0,
      0.0
    ],
    [
      0.0,
      0.0,
      0.0,
      0.0
    ]
  ],
  "tx_from_ris": [
    [
      0.0,
      0.0,
      500.0000000000001,
      0.0
    ],
    [
      0.0,
      93.07311830255713,
      0.0,
      0.0
    ],
    [
      80.31745369496264,
      0.0,
      0.0,
      0.0
    ],
    [
      0.0,
      0.0,
      0.0,
      0.0
    ],
    [
      0.0,
      0.0,
      0.0,
      0.0
    ],
    [
      0.0,
      0.0,
      0.0,
      0.0
    ],
    [
      0.0,
      500.0,
      0.0,
      0.0
    ],
    [
      0.0,
      499.99999999999966,
      0.0,
      0.0
    ],
    [
      0.0,
      0.0,
      499.9999999999999,
      0.0
    ],
    [
      0.0,
      0.0,
      500.0,
      0.0
    ],
    [
      0.0,
      0.0,
      0.0,
      499.99999999999994
    ],
    [
      0.0,
      0.0,
      0.0,
      500.00000000000006
    ],
    [
      0.0,
      0.0,
      0.0,
      500.00000000000034
    ],
    [
      0.0,
      0.0,
      0.0,
      0.0
    ],
    [
      0.0,
      0.0,
      0.0,
      0.0
    ],
    [
      499.99999999999994,
      0.0,
      0.0,
      0.0
    ],
    [
      500.0,
      0.0,
      0.0,
      0.0
    ],
    [
      500.00000000000006,
      0.0,
      0.0,
      0.0
    ],
    [
      0.0,
      0.0,
      0.0,
      0.0
    ],
    [
      4.242971049873837,
      0.0,
      277.48491033677305,
      218.27211861335275
    ],
    [
      0.0,
      500.0,
      0.0,
      0.0
    ],
    [
      0.0,
      0.0,
      0.0,
      0.0
    ],
    [
      0.0,
      0.0,
      0.0,
      0.0
    ],
    [
      0.0,
      0.0,
      0.0,
      0.0
    ]
  ],
  "paths": [
    [
      {
        "ids": [
          "RF1",
          "RF3"
        ],
        "eta": 0.421394870737647
      },
      {
        "ids": [
          "RF1",
          "RF4"
        ],
        "eta": 0.4596380248365626
      },
      {
        "ids": [
          "RF1",
          "RF5"
        ],
        "eta": 0.39197774658697965
      },
      {
        "ids": [
          "RF1",
          "RF6"
        ],
        "eta": 0.33939419585388453
      }
    ],
    [
      {
        "ids": [
          "RF2",
          "RF3"
        ],
        "eta": 0.4961587109552925
      },
      {
        "ids": [
          "RF2",
          "RF4"
        ],
        "eta": 0.44101354695732975
      },
      {
        "ids": [
          "RF2",
          "RF5"
        ],
        "eta": 0.3805187860216065
      },
      {
        "ids": [
          "RF2",
          "RF6"
        ],
        "eta": 0.3391710109681253
      }
    ]
  ],