{
  "donor_ids": [
    "RF1",
    "RF2"
  ],
  "recipient_ids": [
    "RF3",
    "RF4",
    "RF5",
    "RF6"
  ],
  "delivered_agg": [
    [
      0.0,
      3860.9594086271263,
      0.0,
      0.0
    ],
    [
      4167.7331720244565,
      0.0,
      0.0,
      0.0
    ]
  ],
  "delivered_per_recipient": [
    4167.7331720244565,
    3860.9594086271263,
    0.0,
    0.0
  ],
  "transmit_per_donor": [
    8400.0,
    8400.0
  ],
  "total_delivered": 8028.692580651583,
  "total_transmit": 16800.0,
  "days": 7
}